{
  "window_years": 15,
  "as_of_date": "2026-06-11",
  "strategy": {
    "CAGR": 0.131328,
    "Sharpe": 1.005556,
    "MDD": -0.239618,
    "Sortino": 1.097456
  },
  "benchmark": {
    "name": "Nifty 50 TR Index",
    "CAGR": 0.091841,
    "Sharpe": 263.408428,
    "MDD": 0.0,
    "Sortino": 0.0
  }
}