{
  "window_years": 15,
  "as_of_date": "2026-06-09",
  "strategy": {
    "CAGR": 0.131417,
    "Sharpe": 1.005893,
    "MDD": -0.239618,
    "Sortino": 1.097948
  },
  "benchmark": {
    "name": "Nifty 50 TR Index",
    "CAGR": 0.09187,
    "Sharpe": 275.079493,
    "MDD": 0.0,
    "Sortino": 0.0
  }
}