{
  "window_years": 15,
  "as_of_date": "2026-06-10",
  "strategy": {
    "CAGR": 0.131438,
    "Sharpe": 1.006167,
    "MDD": -0.239618,
    "Sortino": 1.09808
  },
  "benchmark": {
    "name": "Nifty 50 TR Index",
    "CAGR": 0.09187,
    "Sharpe": 275.12113,
    "MDD": 0.0,
    "Sortino": 0.0
  }
}